{
  "c0": -7.146817893349208,
  "c1_0": 1.236271220186013,
  "c2_d0000_0_00": 0.0016457295511685878,
  "c2_d0001_0_00": 0.015330857603483718,
  "c2_d0002_0_00": 0.09512311485880849,
  "c2_d0003_0_00": 0.05190728879892114,
  "c2_d0004_0_00": 0.12545473863861728,
  "c2_d0005_0_00": 0.01024403908589441
}